{
  "western_coordinators": "Coordinators on Western Stat.",
  "remote_coordinators": "Remote coordinators",
  "log_out": "Log out",
  "today_we_helped_count": "Today we helped {pplHelpedCount} people",
  "source": "Source",
  "status": "Status",
  "people_count": "People count",
  "disappeared": "Vanished",
  "accepted_today": "Received today",
  "active_today": "Active today",
  "only_mine": "Only mine",
  "submissions_count": "{{submCount}} submission",
  "description": "Description",
  "languages": "Languages",
  "nationality": "Nationality",
  "name": "Name",
  "phone": "Phone no.",
  "how_long": "How long?",
  "since_when": "Since when?",
  "has_pets": "Has pets",
  "can_sleep_with_pets": "Can sleep with pets?",
  "needs_transport": "Needs transport?",
  "yes": "Yes",
  "no": "No",
  "note": "Note",
  "host": "Host",
  "coordinators_actions": "Coordinators actions",
  "submitting_person": "Submitting person",
  "change_source": "Change source",
  "looking_for_host": "Looking for host",
  "host_found_by": "Host found by",
  "received_at": "Received at {{timestamp}}",
  "source_option_terrain": "Western St.",
  "source_option_webform": "Website",
  "source_option_mail": "Email",
  "source_option_other": "Other",
  "submission_id": "SUBMISSION ID",
  "set_submission_free": "Set submission free",
  "set_connection_free": "Set connection free",
  "add_note": "Add note",
  "click_to_add_note": "click to add a note...",
  "loading": "Loading...",
  "set_free": "Set free",
  "search_for_host": "Look for host",
  "out_of_date": "OUT OF DATE",
  "connection": "Connection"
}