{
  "name": "First name and last name",
  "about_info": "Shortly about yourself",
  "about_info_subHeading": "How old are you? With whom do you live (if you are inviting)?",
  "resource": "Resource",
  "resource_choice_home": "Family house",
  "resource_choice_flat": "Apartment",
  "resource_choice_room": "Room",
  "resource_choice_couch": "Couch",
  "resource_choice_mattress": "Mattress",
  "city": "City",
  "zip_code": "Zip code",
  "address": "Adress (street, number)",
  "people_to_accommodate": "How many people can you support, providing them decent conditions",
  "age": "How old are you?",
  "languages": "What languages do you speak",
  "when_to_call": "At what hours can we get in touch with you?",
  "when_to_call_subHeading": "Quite a lot of people arrive after midnight. Can we call you late at night? (Choose 0-24 if we can call around the clock)",
  "costs": "Costs of accomodation (rent, charges, or is it free)",
  "availability": "From what date is the resource available?",
  "accommodation_length": "For how long is the resource available (no. of days)",
  "details": "Information about the resource",
  "details_subHeading": "Obecność zwierząt, języki obce lokatorów i lokatorek, dostępna pościel i ręczniki, inne",
  "transport": "Are you able to provide transport for people you invite",
  "transport_subHeading": "Eg. from the bus station or temporary place they're in",
  "transport_choice_warsaw": "Yes, from Warsaw area",
  "transport_choice_poland": "Yes, from Warsaw area or other place in Poland",
  "transport_choice_none": "No",
  "phone_number": "Your telephone number",
  "backup_phone_number": "Backup telephone number",
  "backup_phone_number_subHeading": "Backup contact person",
  "email": "Your email",
  "extra": "Comments"
}