{
  "western_coordinators": "Koordynatorzy Zachodni",
  "remote_coordinators": "Koordynatorzy Zdalni",
  "log_out": "Wyloguj się",
  "today_we_helped_count": "Pomogliśmy dziś {pplHelpedCount} osobom",
  "source": "Źródło",
  "status": "Status",
  "people_count": "Liczba osób",
  "disappeared": "Zniknięte",
  "accepted_today": "Przyjęte dzisiaj",
  "active_today": "Aktywne dzisiaj",
  "only_mine": "Tylko moje",
  "submissions_count": "{{submCount}} zgłoszeń",
  "description": "Opis",
  "languages": "Języki",
  "nationality": "Narodowość",
  "name": "Imię",
  "phone": "Telefon",
  "how_long": "Jak dlugo?",
  "since_when": "Od Kiedy?",
  "has_pets": "Ma zwierzęta",
  "can_sleep_with_pets": "Czy może spać ze zwierzętami?",
  "needs_transport": "Potrzebuje transportu?",
  "yes": "Tak",
  "no": "Nie",
  "note": "Notka",
  "host": "Host",
  "coordinators_actions": "Akcje koordynatora",
  "submitting_person": "Osoba zgłaszająca",
  "change_source": "Zmień źródło",
  "looking_for_host": "Hosta szuka",
  "host_found_by": "Host znaleziony przez",
  "received_at": "Received at {{timestamp}}",
  "source_option_terrain": "Zachodni",
  "source_option_webform": "Strona",
  "source_option_mail": "Email",
  "source_option_other": "Inne",
  "submission_id": "ID ZGŁOSZENIA",
  "set_submission_free": "Zwolnij zgłoszenie",
  "set_connection_free": "Zwolnij łącznika",
  "add_note": "Dodaj notkę",
  "click_to_add_note": "kliknij by dodać notatkę...",
  "loading": "Ładowanie...",
  "set_free": "Zwolnij",
  "search_for_host": "Szukaj Hosta",
  "out_of_date": "NIEAKTUALNE",
  "connection": "Łącznik"
}