{

  "i_provide_accomodation": "Udostępniam nocleg",
  "im_looking_for_accomodation": "Poszukuję noclegu",
  "submit": "Wyślij",
  "logged_in_user": "Zalogowany user",
  "privacy_policy_title": "Polityka prywatności / Політика конфіденційності",
  "ppolicy_purpose": "Hej. Jesteś tu, bo chcesz pomóc Ukraińcom i Ukrainkom, którzy znaleźli się w trudnej sytuacji materialnej w Polsce. Jedną z podstawowych potrzeb każdego z nas jest miejsce schronienia - dom, choćby tymczasowy, choćby prowizoryczny. Tworzymy oddolną, prywatną bazę danych dotyczącą takich miejsc, udostępnianych przez bliskich i znajomych na terenie Warszawy, mającą w pierwszej kolejności wspierać osoby zgłaszające się do Fundacji Ocalenie, w drugiej indywidualnie.",
  "ppolicy_access_is_restricted": "Do bazy ma dostęp jedynie Zofia Jaworowska i Katarzyna Kunda.",
  "ppolicy_ngo_access": "W przypadku zgłoszenia zapotrzebowania przez Fundację, będziemy łączyć osoby potrzebujące z Wami – osobami zgłaszającymi chęć pomocy (czyli jeśli do Fundacji zgłosi się trzyosobowa rodzina, spróbujemy spośród zgromadzonych ofert wsparcia znaleźć taką przestrzeń, która tę rodzinę pomieści na jak najdłużej). Zakładamy też, że zapotrzebowanie może pojawić się z innych źródeł – od osób prywatnych działających w sprawie.",
  "ppolicy_if_you_leave": "Jeśli wyjeżdżacie, zwalniacie mieszkanie na miesiąc - taki zasób na pewno też się przyda. Działamy razem.",
  "ppolicy_thank_you": "Dziękujemy, że tu jesteście."
}