{
  "name": "Imię i nazwisko",
  "about_info": "Powiedz coś o sobie?",
  "about_info_subHeading": "Ile masz lat? Z kim mieszkasz (jeśli przyjmujesz kogoś u siebie)?",
  "resource": "Zasób",
  "resource_choice_home": "Dom",
  "resource_choice_flat": "Mieszkanie",
  "resource_choice_room": "Pokój",
  "resource_choice_couch": "Kanapa",
  "resource_choice_mattress": "Materac",
  "city": "Miasto",
  "zip_code": "Kod pocztowy",
  "address": "Adres (ulica, numer budynku, numer mieszkania)",
  "people_to_accommodate": "Ile osób jesteś w stanie wesprzeć tak, by miały godne warunki pobytu?",
  "age": "Ile masz lat?",
  "languages": "Języki jakie znasz",
  "when_to_call": "W jakich godzinach możemy do Ciebie dzwonić?",
  "when_to_call_subHeading": "Sporo ludzi przybywa po północy. Czy możemy do Ciebie zadzownic pózno w nocy? (Wybierz 0—24 jeżeli możemy dzwonić cały czas)",
  "costs": "Koszty pobytu (czynsz, opłaty, koszty najmu lub darmowy pobyt)",
  "availability": "Od kiedy udostępniasz nocleg?",
  "accommodation_length": "Na jak długo udostępniasz nocleg? (liczba dni)",
  "details": "Garść informacji o miejscu",
  "details_subHeading": "Obecność zwierząt, języki obce lokatorów i lokatorek, dostępna pościel i ręczniki, inne",
  "transport": "Czy jesteś w stanie przyjechać po osoby, którym udzielisz schronienia?",
  "transport_subHeading": "Np. na dworzec czy w podane miejsce pobytu",
  "transport_choice_warsaw": "Tak, na terenie Warszawy",
  "transport_choice_poland": "Tak, na terenie Warszawy i Polski",
  "transport_choice_none": "Nie",
  "phone_number": "Twój numer telefonu",
  "backup_phone_number": "Awaryjny numer telefonu",
  "backup_phone_number_subHeading": "Dodatkowa osoba kontaktowa",
  "email": "Twój mail",
  "extra": "Dodatkowe uwagi"
}
